NAME,REAL NAME,REGION,NATIONALITY,TEAM,AGE,WEAPON,MAJOR APPEARANCES,EARNINGS,LAST UPDATED
ADK,Akram Smida,Oceania,Australia,,08/03/2001,AWP,0,"$5,836",09/08/2022
Asap,Tyson Paterson,Oceania,Australia,,01/05/2003,AK47,0,"$5,425",09/08/2022
DangeR,Sharvesh Saravanan,Oceania,Australia,,02/05/2000,AK47,0,"$3,821",09/08/2022
Kingfisher,David Kingsford,Oceania,Australia,ORDER,16/10/1996,AK47,0,$412,09/08/2022
MoeycQ,Mohammed Tizani,Oceania,Australia,,15/01/1993,AK47,0,"$16,315",09/08/2022
Xertz,Kobi Wallis,Oceania,Australia,,25/01/1994,AK47,0,"$1,538",09/08/2022
Yam,Yaman Ergenekon,Oceania,Australia,,07/12/1988,AK47,1,"$55,843",09/08/2022
0i,Zhiwei Liu,Eastern_%26_Southern_Asia,China,Invictus Gaming,18/06/1996,AK47,0,"$40,656",09/08/2022
129,Ting Yang,Eastern_%26_Southern_Asia,China,,,,0,"$10,551",09/08/2022
18yM,YuChao Liu,Eastern_%26_Southern_Asia,China,Xi'anTaiChangGui,01/07/1994,,0,"$17,346",09/08/2022
333ed2k,Shuhao Sun,Eastern_%26_Southern_Asia,China,,14/12/1999,AK47,0,"$14,378",09/08/2022
Advent,Liang Zhuo,Eastern_%26_Southern_Asia,China,Rare Atom,16/06/1992,AK47,1,"$150,373",09/08/2022
AE,Yú Yuè,Eastern_%26_Southern_Asia,China,Steel Helmet,19/10/1998,AWP,0,"$33,832",09/08/2022
Aree,Zhen Long,Eastern_%26_Southern_Asia,China,,28/03/1998,AK47,0,"$19,146",09/08/2022
Artill,SiXian Yu,Eastern_%26_Southern_Asia,China,,07/02/1996,AK47,0,"$15,339",09/08/2022
Attacker,YuanZhang Sheng,Eastern_%26_Southern_Asia,China,TYLOO,07/01/1997,AK47,4,"$199,054",09/08/2022
AumaN,Liu Zhihong,Eastern_%26_Southern_Asia,China,Rare Atom,16/07/1994,AK47,1,"$88,749",09/08/2022
Ayaya,Yangyang Zheng,Eastern_%26_Southern_Asia,China,After Gaming,02/08/1998,AK47,0,"$20,778",09/08/2022
Ayeon,Zhe Yang,Eastern_%26_Southern_Asia,China,Invictus Gaming,15/01/1997,AK47,0,"$10,550",09/08/2022
B1NGO,XueBing Dai,Eastern_%26_Southern_Asia,China,Wings Up Gaming,28/11/1999,AK47,0,"$17,169",09/08/2022
Bottle,Lei Mao,Eastern_%26_Southern_Asia,China,,07/02/1994,AK47,0,"$56,764",09/08/2022
CaptainMo,Ke Liu,Eastern_%26_Southern_Asia,China,Steel Helmet,30/05/1989,,1,"$233,146",09/08/2022
Cate,BinJie Wang,Eastern_%26_Southern_Asia,China,CatEvil,,AK47,0,"$5,529",09/08/2022
Cheater 7,FeiYu Lu,Eastern_%26_Southern_Asia,China,,,AWP,0,"$2,148",09/08/2022
ChildKing,Junhao Peng,Eastern_%26_Southern_Asia,China,Wings Up Gaming,11/02/2000,AK47,0,"$16,929",09/08/2022
ChrisMaQ,Kun Liu,Eastern_%26_Southern_Asia,China,Lynn Vision Gaming,14/07/1991,AK47,0,"$10,559",09/08/2022
DANK1NG,Zhenghao Lv,Eastern_%26_Southern_Asia,China,TYLOO,15/09/1999,AWP,1,"$49,622",09/08/2022
DD,Wu Hui,Eastern_%26_Southern_Asia,China,WDNMD,11/08/1994,AK47,1,"$228,299",09/08/2022
Despair,HaoZhi Xie,Eastern_%26_Southern_Asia,China,,,AK47,0,$833,09/08/2022
DeStRoYeR,JiaMing Gu,Eastern_%26_Southern_Asia,China,Invictus Gaming,,AWP,0,"$39,346",09/08/2022
Dmm,Ming Dai,Eastern_%26_Southern_Asia,China,,,AWP,0,"$5,261",09/08/2022
Drea3er,Zhitao Zhang,Eastern_%26_Southern_Asia,China,CatEvil,10/11/1994,AWP,0,"$28,720",09/08/2022
EXPRO,Heng Yang,Eastern_%26_Southern_Asia,China,Lynn Vision Gaming,12/08/1998,AK47,0,"$21,517",09/08/2022
FIOURN,QingHui Kong,Eastern_%26_Southern_Asia,China,After Gaming,,AK47,0,"$8,734",09/08/2022
Flying,Peiqi Song,Eastern_%26_Southern_Asia,China,Invictus Gaming,08/10/2001,AK47,0,"$33,567",09/08/2022
Fr3nk1e,Tianyi He,Eastern_%26_Southern_Asia,China,ONET4P,21/09/1999,AK47,0,"$3,850",09/08/2022
Franke19,Tao Deng,Eastern_%26_Southern_Asia,China,Xi'anTaiChangGui,26/10/1993,AK47,0,"$19,217",09/08/2022
Gas,Yi Ding,Eastern_%26_Southern_Asia,China,Wings Up Gaming,13/01/1996,AK47,0,"$18,634",09/08/2022
GRiFFIN,Mao Ye,Eastern_%26_Southern_Asia,China,,,AK47,0,$880,09/08/2022
JamYoung,Yi Yang,Eastern_%26_Southern_Asia,China,Rare Atom,23/07/2001,AK47,0,"$52,639",09/08/2022
K4Mi,XieLin Zhu,Eastern_%26_Southern_Asia,China,Rare Atom,23/06/2001,AK47,0,$430,09/08/2022
Karsa,QiFang Su,Eastern_%26_Southern_Asia,China,,29/02/1992,AK47,1,"$41,829",09/08/2022
KingZ,Likan Luo,Eastern_%26_Southern_Asia,China,,04/10/1986,AK47,0,"$63,477",09/08/2022
KKE,YuFan Guo,Eastern_%26_Southern_Asia,China,JiJieHao,,,0,"$12,235",09/08/2022
KuckerZ,Huailiang Zhang,Eastern_%26_Southern_Asia,China,,25/04/1992,AK47,0,"$18,825",09/08/2022
Kylin,ZhenWei Wang,Eastern_%26_Southern_Asia,China,,,AK47,0,"$8,494",09/08/2022
Lan,Qi Liu,Eastern_%26_Southern_Asia,China,Wings Up Gaming,17/09/2001,AWP,0,"$20,326",09/08/2022
LEO (Chinese player),Dongmei Fang,Eastern_%26_Southern_Asia,China,,20/06/1995,,0,"$11,639",09/08/2022
LOVEYY,Kunhua Bai,Eastern_%26_Southern_Asia,China,Steel Helmet,09/01/1989,AK47,1,"$106,726",09/08/2022
KeLeLe,YiFan Zhou,Eastern_%26_Southern_Asia,China,New Happy,21/06/1999,AK47,0,"$4,831",09/08/2022
MAD,Chao He,Eastern_%26_Southern_Asia,China,,,AK47,0,"$7,478",09/08/2022
MarT1n,Zhengjie Zhuo,Eastern_%26_Southern_Asia,China,Wings Up Gaming,,AK47,0,"$11,795",09/08/2022
Mercury,Jingxiang Wang,Eastern_%26_Southern_Asia,China,Rare Atom,15/12/2000,AK47,0,"$12,514",09/08/2022
MingSir,Ming Wen,Eastern_%26_Southern_Asia,China,CatEvil,,AK47,0,0$,09/08/2022
Mirror,JianQi Zhai,Eastern_%26_Southern_Asia,China,New Happy,,AK47,0,"$4,967",09/08/2022
Monster (Chinese player),QingYu Deng,Eastern_%26_Southern_Asia,China,After Gaming,26/02/2000,AWP,0,"$12,932",09/08/2022
Moseyuh,QianHao Chen,Eastern_%26_Southern_Asia,China,Rare Atom,21/12/2004,AK47,0,"$6,743",09/08/2022
Mr.mao,YiNan Wang,Eastern_%26_Southern_Asia,China,,,AK47,0,"$17,393",09/08/2022
MutaNt,ZiYang Zhang,Eastern_%26_Southern_Asia,China,CatEvil,07/12/2000,AK47,0,"$3,809",09/08/2022
Navygo,YuanJie Wan,Eastern_%26_Southern_Asia,China,,,AK47,0,"$4,418",09/08/2022
Not7,ZhenDong Mo,Eastern_%26_Southern_Asia,China,,08/01/1990,AK47,0,"$24,852",09/08/2022
QKA,ZhiHai Fu,Eastern_%26_Southern_Asia,China,Let's Quit,29/01/1994,AWP,0,"$29,402",09/08/2022
Rita,BiaoHong Huang,Eastern_%26_Southern_Asia,China,Wings Up Gaming,20/06/1988,AK47,0,"$53,394",09/08/2022
Roninbaby,Xu Peng,Eastern_%26_Southern_Asia,China,CatEvil,30/07/2003,AK47,0,"$8,012",09/08/2022
S550,Hao Wan,Eastern_%26_Southern_Asia,China,,,AK47,0,"$10,263",09/08/2022
Savage (Chinese player),Bin Liu,Eastern_%26_Southern_Asia,China,Xi'anTaiChangGui,01/03/1989,AWP,0,"$142,188",09/08/2022
Shuadapai,Wei Wang,Eastern_%26_Southern_Asia,China,,15/09/1990,AK47,0,"$32,219",09/08/2022
Sideny,XiaoWen Sun,Eastern_%26_Southern_Asia,China,,18/02/1991,AK47,0,"$3,340",09/08/2022
SLOWLY,Kelun Sun,Eastern_%26_Southern_Asia,China,TYLOO,23/09/2001,AK47,1,"$55,696",09/08/2022
Span,Liu Jia,Eastern_%26_Southern_Asia,China,,,AK47,0,0$,09/08/2022
SPiNacH,MinHui Sun,Eastern_%26_Southern_Asia,China,Invictus Gaming,,AK47,0,"$4,093",09/08/2022
Stanj,Jianan Zhu,Eastern_%26_Southern_Asia,China,,,AK47,0,"$5,503",09/08/2022
Starry,LiZhi Ye,Eastern_%26_Southern_Asia,China,Lynn Vision Gaming,,AK47,0,"$9,126",09/08/2022
Start,Yan Zhang,Eastern_%26_Southern_Asia,China,,,AK47,0,"$2,979",09/08/2022
Sugar,YunLong Chen,Eastern_%26_Southern_Asia,China,,02/08/2000,,0,"$4,241",09/08/2022
Summer,YuLun Cai,Eastern_%26_Southern_Asia,China,TYLOO,16/05/1997,AK47,4,"$205,406",09/08/2022
TANK,ZhenWei Zhou,Eastern_%26_Southern_Asia,China,,,AK47,0,"$5,376",09/08/2022
Tb,BingYuan Li,Eastern_%26_Southern_Asia,China,Xi'anTaiChangGui,05/12/1990,AK47,0,"$145,807",09/08/2022
UnicorN,ShunJie Ding,Eastern_%26_Southern_Asia,China,,,AK47,0,"$1,099",09/08/2022
Viva,Lifan Ran,Eastern_%26_Southern_Asia,China,,,AWP,0,"$48,954",09/08/2022
WANGJ,Pengyuan Wang,Eastern_%26_Southern_Asia,China,,,AWP,0,"$8,353",09/08/2022
Westmelon,Zhe Niu,Eastern_%26_Southern_Asia,China,Lynn Vision Gaming,,AK47,0,"$26,455",09/08/2022
Wuyu,BinHui Jiang,Eastern_%26_Southern_Asia,China,,05/02/2000,AK47,0,"$2,858",09/08/2022
Xf,Xuefeng Lai,Eastern_%26_Southern_Asia,China,Let's Quit,02/05/1988,,0,"$41,151",09/08/2022
XiaosaGe,Peng Song,Eastern_%26_Southern_Asia,China,Steel Helmet,15/01/1990,AK47,0,"$70,955",09/08/2022
XyGJin,Xin Jin,Eastern_%26_Southern_Asia,China,,11/01/1998,AK47,0,"$3,910",09/08/2022
Z4kr,SiKe Zhang,Eastern_%26_Southern_Asia,China,Lynn Vision Gaming,14/11/2002,AWP,0,"$26,179",09/08/2022
Z8z,Zhenghui Liu,Eastern_%26_Southern_Asia,China,YK Gaming,04/06/1989,AK47,0,"$6,383",09/08/2022
ZhokiNg,Zhong Weijie,Eastern_%26_Southern_Asia,China,YK Gaming,07/12/1993,AK47,1,"$145,352",09/08/2022
ZWin,ZhiWei Li,Eastern_%26_Southern_Asia,China,,,AWP,0,"$7,394",09/08/2022
XigN,Lee Hyun-pyo,Eastern_%26_Southern_Asia,South Korea,Team NKT,26/03/1997,AK47,0,"$92,979",09/08/2022
Annihilation,Tuvshintugs Nyamdorj,Eastern_%26_Southern_Asia,Mongolia,IHC Esports,25/01/2000,AWP,0,"$15,197",09/08/2022
Bart4k,Baatarkhuu Batbold,Eastern_%26_Southern_Asia,Mongolia,IHC Esports,29/05/2004,AK47,0,"$13,501",09/08/2022
BLitz,Garidmagnai Byambasuren,Eastern_%26_Southern_Asia,Mongolia,IHC Esports,26/06/2001,AWP,1,"$19,546",09/08/2022
Cool4st,Sodbileg Batbaatar,Eastern_%26_Southern_Asia,Mongolia,,11/06/2002,AWP,0,"$14,032",09/08/2022
Dobu,Gan-Erdene Batbold,Eastern_%26_Southern_Asia,Mongolia,Team NKT,13/03/1999,AK47,0,"$62,616",09/08/2022
ErkaSt,Erdenetsogt Gantulga,Eastern_%26_Southern_Asia,Mongolia,Team NKT,19/03/1995,AK47,2,"$67,321",09/08/2022
H4wK,Sergelen Jigjidsuren,Eastern_%26_Southern_Asia,Mongolia,,16/05/1996,AK47,0,"$7,078",09/08/2022
Hasteka,Chinguun Bayarmaa,Eastern_%26_Southern_Asia,Mongolia,D13,19/07/1998,AK47,0,"$9,375",09/08/2022
HellHound,Batsuuri Baatarkhuu,Eastern_%26_Southern_Asia,Mongolia,,06/11/1982,AK47,0,0$,09/08/2022
Kabal,Bat-Enkh Batbayar,Eastern_%26_Southern_Asia,Mongolia,IHC Esports,01/06/1995,AK47,1,"$66,843",09/08/2022
Kaz,Bilguunbat Enkhbayar,Eastern_%26_Southern_Asia,Mongolia,IHC Esports,05/02/1997,AK47,0,"$6,710",09/08/2022
MaaRaa,Erdenedalai Bayanbat,Eastern_%26_Southern_Asia,Mongolia,IHC Esports,,AK47,0,"$4,298",09/08/2022
MagnumZ,Telmen Khurelkhuu,Eastern_%26_Southern_Asia,Mongolia,Aravt,24/04/2001,AWP,0,"$3,590",09/08/2022
Mistercap,Enkh-Amgalan Ganbold,Eastern_%26_Southern_Asia,Mongolia,,,AK47,0,"$4,300",09/08/2022
Ncl,Bold Batsukh,Eastern_%26_Southern_Asia,Mongolia,The MongolZ,14/12/1994,,0,"$38,210",09/08/2022
NEUZ,Uuganbayar Nyam-Otgon,Eastern_%26_Southern_Asia,Mongolia,Team Renewal,12/10/1999,AK47,0,"$14,002",09/08/2022
Nin9,Yesuntumur Gantulga,Eastern_%26_Southern_Asia,Mongolia,Team NKT,03/04/1998,AWP,1,"$35,701",09/08/2022
PRISM,Irmuun Tuul,Eastern_%26_Southern_Asia,Mongolia,,,,0,$538,09/08/2022
Rate,Tengis Boldbaatar,Eastern_%26_Southern_Asia,Mongolia,The Shine,02/10/2002,AK47,0,"$23,312",09/08/2022
ROUX,Undrakhbayar Zolbayar,Eastern_%26_Southern_Asia,Mongolia,Team Renewal,26/05/2000,AK47,0,"$5,327",09/08/2022
Senzu,Munkhbold Azbayar,Eastern_%26_Southern_Asia,Mongolia,The MongolZ,11/08/2006,AK47,0,"$3,539",09/08/2022
Shinobi (Mongolian player),Telmen Batzorig,Eastern_%26_Southern_Asia,Mongolia,Aravt,05/03/1994,AK47,0,"$15,445",09/08/2022
Sk0R,Tengis Batjargal,Eastern_%26_Southern_Asia,Mongolia,IHC Esports,12/05/2002,AK47,1,"$20,987",09/08/2022
Tamir,Munkhtamir Ganbaatar,Eastern_%26_Southern_Asia,Mongolia,Aravt,11/03/1994,AK47,0,"$17,159",09/08/2022
Techno4K,Sodbayar Munkhbold,Eastern_%26_Southern_Asia,Mongolia,IHC Esports,20/05/2005,AK47,1,"$18,217",09/08/2022
Tsogoo,Tsog Mashbat,Eastern_%26_Southern_Asia,Mongolia,The MongolZ,30/05/1994,,0,"$27,519",09/08/2022
Worldpeace,Enkhmanlai Batbayar,Eastern_%26_Southern_Asia,Mongolia,D13,,AK47,0,"$1,592",09/08/2022
Xerolte,Enkhbat Munkhtogtokh,Eastern_%26_Southern_Asia,Mongolia,Team Renewal,03/05/2003,,0,"$6,329",09/08/2022
YAmi,Yalalt Oyunbileg,Eastern_%26_Southern_Asia,Mongolia,The MongolZ,03/02/2005,AK47,0,"$4,178",09/08/2022
Zilkenberg,Temuulen Battulga,Eastern_%26_Southern_Asia,Mongolia,,13/03/1991,AWP,0,"$22,817",09/08/2022
Naokai,Võ Văn Khoa,Eastern_%26_Southern_Asia,Vietnam,,01/12/1995,AWP,0,$747,09/08/2022
NoMEz,Cao Minh Nhật Anh,Eastern_%26_Southern_Asia,Vietnam,,22/03/1993,AK47,0,$750,09/08/2022
RiTz,Ritesh Shah,Eastern_%26_Southern_Asia,India,,27/09/1987,AK47,1,"$6,755",09/08/2022
HSB,Abdul Haseeb,Eastern_%26_Southern_Asia,Pakistan,,,AK47,0,"$2,130",09/08/2022
Momo,Khizar Rehman,Eastern_%26_Southern_Asia,Pakistan,Vendetta,20/05/2002,AK47,0,"$2,920",09/08/2022
Pluto,Saad Siraj,Eastern_%26_Southern_Asia,Pakistan,Vendetta,06/01/1997,AK47,0,"$2,930",09/08/2022
PokemoN,Saad Ahmed,Eastern_%26_Southern_Asia,Pakistan,,15/04/1998,,0,"$10,021",09/08/2022
TraNz,Anas Ayub,Eastern_%26_Southern_Asia,Pakistan,,,AK47,0,"$3,443",09/08/2022
Derek,Patrick Henry II Lacson,Eastern_%26_Southern_Asia,Philippines,NEXGA,,AK47,0,"$8,425",09/08/2022
Kntz,Krit Chaiprasit,Eastern_%26_Southern_Asia,Thailand,Team NKT,29/08/1997,AK47,0,"$32,845",09/08/2022
MYM (Thai player),Piyangoon Kitisin,Eastern_%26_Southern_Asia,Thailand,Team NKT,05/02/1994,AK47,0,$630,09/08/2022
Bobosaur,Leslie Soen,Eastern_%26_Southern_Asia,Singapore,,28/03/1996,AK47,0,"$18,404",09/08/2022
ImpressioN,Anthony Lim Ying Jun,Eastern_%26_Southern_Asia,Singapore,JiJieHao,10/02/1996,AK47,0,"$52,881",09/08/2022
Nephh,Marcus Tan,Eastern_%26_Southern_Asia,Singapore,,21/03/2003,AK47,0,"$10,853",09/08/2022
StrykerX,Prasad Paramajothi,Eastern_%26_Southern_Asia,Singapore,Asking Questions,,AK47,0,"$12,605",09/08/2022
StyroN,Tidus Goh,Eastern_%26_Southern_Asia,Singapore,,06/09/2001,,0,"$1,607",09/08/2022
BnTeT,Hansel Ferdinand,Eastern_%26_Southern_Asia,Indonesia,TYLOO,28/08/1995,AK47,3,"$182,105",09/08/2022
Soifong,Joshua Vega Tanaka,Eastern_%26_Southern_Asia,Indonesia,,01/01/1990,,0,"$3,752",09/08/2022
Xccurate,Kevin Susanto,Eastern_%26_Southern_Asia,Indonesia,Team NKT,18/02/1998,AWP,2,"$91,222",09/08/2022
Cara,Iman Jeffery,Eastern_%26_Southern_Asia,Malaysia,ARTiSAN Esports,23/02/1999,AWP,0,"$6,770",09/08/2022
GFi,Ramona Azween Binti Zaharuddin,Eastern_%26_Southern_Asia,Malaysia,HSG,25/05/1989,,0,"$5,836",09/08/2022
Kaze,Andrew Khong Weng Keong,Eastern_%26_Southern_Asia,Malaysia,Rare Atom,22/07/1994,AWP,2,"$93,129",09/08/2022
Cedrik,Chen Tzu-An,Eastern_%26_Southern_Asia,Taiwan,OS E-sports,29/07/1989,AWP,0,"$5,363",09/08/2022
FlykingJVE,Tzu-Hsiang Cho,Eastern_%26_Southern_Asia,Taiwan,OS E-sports,18/11/2002,AK47,0,"$1,443",09/08/2022
HRRR,Chen Sung-Chieh,Eastern_%26_Southern_Asia,Taiwan,OS E-sports,,AK47,0,"$5,248",09/08/2022
Marek,Tzu-Chi Huang,Eastern_%26_Southern_Asia,Taiwan,YK Gaming,,AK47,0,"$21,535",09/08/2022
AJ,Yip Man Ho,Eastern_%26_Southern_Asia,Hong Kong,Only One Word,,AK47,0,"$3,729",09/08/2022
Chancehangtsz,YingChiu Wan,Eastern_%26_Southern_Asia,Hong Kong,,05/06/1998,,0,"$1,733",09/08/2022
CHIMEI,Wong Chun Wai,Eastern_%26_Southern_Asia,Hong Kong,,07/08/1993,,0,"$1,733",09/08/2022
Darkkis (Hong Kong player),Chi Nam Li,Eastern_%26_Southern_Asia,Hong Kong,Only One Word,20/11/1991,AK47,0,"$7,274",09/08/2022
Fagger,Choi Siu Lung,Eastern_%26_Southern_Asia,Hong Kong,,25/12/1999,,0,"$1,202",09/08/2022
Freeman,WingHei Cheung,Eastern_%26_Southern_Asia,Hong Kong,YK Gaming,25/07/1999,AK47,2,"$78,557",09/08/2022
Hazel,Fong Sin Man,Eastern_%26_Southern_Asia,Hong Kong,HSG,03/05/1995,,0,"$13,004",09/08/2022
Hazy,Yiu Sang Wallace Leung,Eastern_%26_Southern_Asia,Hong Kong,,,,0,"$5,145",09/08/2022
HeiB,Ho Shun Hei,Eastern_%26_Southern_Asia,Hong Kong,Only One Word,,AK47,0,"$6,486",09/08/2022
Hypathor,Jark Chun Ming,Eastern_%26_Southern_Asia,Hong Kong,,06/06/1995,AK47,0,"$1,733",09/08/2022
JeffVanB,Yiu On Wong,Eastern_%26_Southern_Asia,Hong Kong,Only One Word,,AK47,0,"$5,632",09/08/2022
MooNxskyb,Kwong Chung Ng,Eastern_%26_Southern_Asia,Hong Kong,,,,0,"$3,694",09/08/2022
Realx,Chun Yin Leung,Eastern_%26_Southern_Asia,Hong Kong,,,,0,"$3,483",09/08/2022
Tin,"Tom Ka Chun ""Justin""",Eastern_%26_Southern_Asia,Hong Kong,Only One Word,,AK47,0,"$1,671",09/08/2022
TunGY,Chan Yan Tung,Eastern_%26_Southern_Asia,Hong Kong,,17/08/2000,AK47,0,"$1,730",09/08/2022
Stikle-,Klesti Kola,Europe,Albania,Bad News Eagles,05/07/1998,AK47,0,"$1,207",09/08/2022
ChrissK,Christoph Kröll,Europe,Austria,,16/05/1997,AWP,0,"$5,746",09/08/2022
Dukiiii,Duki Ivkovic,Europe,Austria Serbia,touch the crown,26/07/1996,AK47,0,"$8,358",09/08/2022
Kakafu,Alexander Szymanczyk,Europe,Austria,OG,09/04/1989,AK47,0,"$2,919",09/08/2022
NinoZjE,Anel Zukić,Europe,Austria,EPIC DUDES,30/06/1999,AK47,0,"$5,104",09/08/2022
Orbit,Manuel Sailer,Europe,Austria,Sissi State Punks,26/03/2002,AK47,0,"$4,003",09/08/2022
ReacTioNNN,Alexander Grassauer,Europe,Austria,DIVIZON,20/02/2001,AK47,0,"$7,914",09/08/2022
S3NSEY,Efekan Topaloglu,Europe,Austria,Sangal Esports,17/05/2003,AWP,0,"$7,770",09/08/2022
SesL,Michael Higatzberger,Europe,Austria,Entropiq Prague,30/06/2000,AWP,0,"$5,655",09/08/2022
TWEEZYCS,Amir Zhuta,Europe,Austria,,17/04/2001,AK47,0,"$2,348",09/08/2022
XTreMe,Jonathan Steinhöfler,Europe,Austria,,14/11/2000,AK47,0,"$3,872",09/08/2022
AntO oNNN,Anton Van Gorp,Europe,Belgium,Complexity Gaming,18/07/1995,AK47,0,0$,09/08/2022
Claeys,Yordi Claeys,Europe,Belgium,,,,0,"$2,848",09/08/2022
FARIS,Faris Ait-lalla,Europe,Belgium,,16/12/1992,AK47,0,"$6,065",09/08/2022
Infernal,Nasrat Shafaq,Europe,Belgium Afghanistan,,25/01/1998,AK47,0,"$3,526",09/08/2022
Keoz,Nicolas Dgus,Europe,Belgium,Team Falcons,29/12/2000,AK47,1,"$62,986",09/08/2022
KllyVe,Kelly Verhaegen,Europe,Belgium,,30/09/1993,AK47,0,"$20,168",09/08/2022
Kzealos,Jarne Van Ransbeeck,Europe,Belgium,,14/08/2000,AK47,0,"$6,902",09/08/2022
MetaL,Benoit Guelette,Europe,Belgium,,24/09/1991,AK47,0,"$13,572",09/08/2022
Monu,Fréderic Dewever,Europe,Belgium,,,AK47,0,"$8,015",09/08/2022
Nexius,Bram Campana,Europe,Belgium,,19/12/2003,AK47,0,"$4,665",09/08/2022
RitchiEE,Richard Mestdagh,Europe,Belgium,eClub Brugge,28/08/1998,AK47,0,"$16,687",09/08/2022
Simix,Robin Bynens,Europe,Belgium,eClub Brugge,14/07/1995,AK47,0,"$15,064",09/08/2022
Stev0se,Steven Rombaut,Europe,Belgium,eClub Brugge,23/06/1993,AWP,0,"$18,611",09/08/2022
To1nou,Antoine Pirard,Europe,Belgium,,10/06/1995,AWP,0,"$60,947",09/08/2022
YNc,Yannick Van Boven,Europe,Belgium,,,AK47,0,"$9,306",09/08/2022
HuNter-,Nemanja Kovač,Europe,Bosnia and Herzegovina Serbia,G2 Esports,03/01/1996,AK47,3,"$369,566",09/08/2022
NiKo,Nikola Kovač,Europe,Bosnia and Herzegovina,G2 Esports,16/02/1997,AK47,11,"$961,017",09/08/2022
Sarenii,Nemanja Šarenac,Europe,Bosnia and Herzegovina,KTRL,05/08/1998,AK47,0,"$8,261",09/08/2022
Blocker,Yanko Panov,Europe,Bulgaria,needDOCTOR,17/04/1997,AK47,0,"$140,958",09/08/2022
Bubble,Kamen Kostadinov,Europe,Bulgaria,SKADE,07/08/1991,AK47,0,"$249,112",09/08/2022
CeRq,Tsvetelin Dimitrov Mangalski,Europe,Bulgaria,Evil Geniuses,07/12/1999,AWP,3,"$399,372",09/08/2022
Dennyslaw,Denislav Dimitrov Dimitrov,Europe,Bulgaria,SKADE,17/11/1999,AWP,0,"$86,324",09/08/2022
Doublemagic,Veselin Angelov,Europe,Bulgaria,,31/05/1997,AWP,0,"$5,891",09/08/2022
Dream3r,Simeon Ganev,Europe,Bulgaria,SKADE,28/01/1997,AK47,0,"$86,777",09/08/2022
Duplicate,Viktor Mitev,Europe,Bulgaria,needDOCTOR,21/05/2001,AK47,0,"$52,192",09/08/2022
H4rn,Deyvid Benchev,Europe,Bulgaria,ENTERPRISE esports,07/06/2000,AWP,0,"$33,017",09/08/2022
KalubeR,Kalin Kalinov Erenditsov,Europe,Bulgaria,,15/11/2000,AK47,0,"$20,553",09/08/2022
Mar,Martin Kuyumdzhiev,Europe,Bulgaria,,28/06/1997,AK47,0,"$25,463",09/08/2022
Niki1,Nikolay Panteleev,Europe,Bulgaria,needDOCTOR,06/12/1990,AK47,0,"$26,641",09/08/2022
Numb,Rumen Dimitrov,Europe,Bulgaria Ukraine,,12/02/1997,AK47,0,"$4,685",09/08/2022
Oxygen,Blagoy Dimitrov,Europe,Bulgaria,OG Academy,15/05/2003,AK47,0,"$37,492",09/08/2022
Patrick (Bulgarian player),Ivan Ivanov,Europe,Bulgaria,needDOCTOR,15/10/1998,AK47,0,"$12,284",09/08/2022
PNshr,Nikolay Paunin,Europe,Bulgaria,,17/12/1991,AK47,0,"$23,644",09/08/2022
Poizon,Valentin Vasilev,Europe,Bulgaria,Fnatic,29/11/1998,AWP,0,"$303,370",09/08/2022
Rafftu,Kostadin Turbinov,Europe,Bulgaria,BeyondPossible,23/10/1999,AK47,0,"$14,921",09/08/2022
Rainwaker,Aleks Ognyanov Petrov,Europe,Bulgaria,SKADE,27/04/2001,AK47,0,"$90,315",09/08/2022
REDSTAR,Hristiyan Pironkov,Europe,Bulgaria,,15/08/2001,AWP,0,"$77,142",09/08/2022
Rock1nG,Ivan Stratiev,Europe,Bulgaria,allStars Gaming,19/08/1996,AK47,0,"$25,185",09/08/2022
ShaiK,Kaloyan Borisov,Europe,Bulgaria,OG Academy,29/09/2002,AWP,0,"$3,901",09/08/2022
SHiPZ,Georgi Grigorov,Europe,Bulgaria,SKADE,16/08/2000,AK47,0,"$273,389",09/08/2022
SPELLAN,Teodor Ivaylov Nikolov,Europe,Bulgaria,BeyondPossible,13/11/1997,AK47,0,"$68,338",09/08/2022
SpyleadeR,Emiliyan Dimitrov,Europe,Bulgaria,,26/10/1989,AK47,0,"$37,713",09/08/2022
ToH1o,Anton Georgiev,Europe,Bulgaria,,30/06/1989,AK47,0,0$,09/08/2022
V1c7oR,Viktor Dyankov,Europe,Bulgaria,BeyondPossible,28/07/1994,AK47,0,"$205,547",09/08/2022
Zix,Krasen Minchev,Europe,Bulgaria,,24/09/1998,AK47,0,"$14,206",09/08/2022
AJTT,Filip Dolenský,Europe,Czechia,Entropiq Prague,19/06/2001,AK47,0,"$9,121",09/08/2022
Beastik,Sebastian Daňo,Europe,Czechia,SINNERS Esports,05/01/1998,AK47,0,"$58,322",09/08/2022
Bfull,Jakub Kokoška,Europe,Czechia,Team Sampi,,AK47,0,0$,09/08/2022
Blogg1s,Dominik Janita,Europe,Czechia,eSuba,11/05/1999,AWP,0,"$12,600",09/08/2022
CapseN,Lukáš Koláčný,Europe,Czechia,Dynamo Eclot,17/04/1999,AWP,0,"$23,935",09/08/2022
Daxen,Zdeněk Dušek,Europe,Czechia,,17/06/1997,AK47,0,"$3,739",09/08/2022
Desty,Dominik Černý,Europe,Czechia,eSuba,,AK47,0,"$4,499",09/08/2022
DEV7L,Patrik Stuchlík,Europe,Czechia,,27/08/1996,AWP,0,"$25,806",09/08/2022
Dytor,Martin Handl,Europe,Czechia,Dynamo Eclot,,AK47,0,"$16,601",09/08/2022
EYO,Ondřej Šťastný,Europe,Czechia,,,AK47,0,"$9,969",09/08/2022
Forsyy,David Bílý,Europe,Czechia,SINNERS Esports,12/11/2001,AWP,0,"$19,993",09/08/2022
Fraged,Dominik Herz,Europe,Czechia,,,AWP,0,"$4,563",09/08/2022
Fredi,Karel Královec,Europe,Czechia,,09/11/1992,AK47,0,"$8,226",09/08/2022
HONES,Jan Urválek,Europe,Czechia,Team Sampi,24/09/2000,AK47,0,"$7,116",09/08/2022
K1-FiDa,Filip Dvořák,Europe,Czechia,Dynamo Eclot,21/04/1996,AK47,0,"$14,264",09/08/2022
Kinzo,Marek Bílek,Europe,Czechia,Cryptova,,AK47,0,"$4,296",09/08/2022
Leckr,Michal Kadlíček,Europe,Czechia,Entropiq Prague,31/12/1999,AK47,0,"$10,389",09/08/2022
Levi,Lukáš Bouřa,Europe,Czechia,eSuba,,AK47,0,"$8,130",09/08/2022
Manguss,Robert Kasper,Europe,Czechia,ENTERPRISE esports,,AK47,0,"$14,419",09/08/2022
MoriiSko,Josef Maurenc,Europe,Czechia,Entropiq Prague,,AWP,0,"$5,182",09/08/2022
Nbqq,Vít Pohlot,Europe,Czechia,Dynamo Eclot,11/04/1997,AK47,0,"$14,075",09/08/2022
NEOFRAG,Adam Zouhar,Europe,Czechia,OG,19/05/2001,AK47,0,"$66,377",09/08/2022
Oskar,Tomáš Šťastný,Europe,Czechia,TITANS,27/06/1991,AWP,4,"$330,081",09/08/2022
Pechyn,Martin Pechoušek,Europe,Czechia,eSuba,15/04/1998,AK47,0,"$12,609",09/08/2022
SHOCK,Max Kvapil,Europe,Czechia,SINNERS Esports,29/10/2000,AK47,0,"$52,437",09/08/2022
Stinx,Matěj Štorek,Europe,Czechia,ENTERPRISE esports,02/07/1999,AK47,0,"$4,608",09/08/2022
SyncD,David Slováček,Europe,Czechia Germany,,05/07/2001,AK47,0,"$6,005",09/08/2022
Tomkeejs,Tomáš Tomka,Europe,Czechia,SINNERS Esports,18/04/1998,AK47,0,"$14,668",09/08/2022
Twist (Czech player),Matěj Petráš,Europe,Czechia,,05/06/1999,AK47,0,"$9,121",09/08/2022
Valencio,Vojtěch Mydlář,Europe,Czechia,Dynamo Eclot,04/08/1999,AK47,0,"$12,194",09/08/2022
ZEDKO,Jindřich Chyba,Europe,Czechia,SINNERS Esports,03/05/1998,AK47,0,"$69,719",09/08/2022
Zur1s,Martin Sláma,Europe,Czechia,,,AWP,0,"$2,918",09/08/2022
AcilioN,Asger Grunnet Larsen,Europe,Denmark,Apeks,25/09/1996,AK47,1,"$215,519",09/08/2022
AcoR,Frederik Gyldstrand,Europe,Denmark,MOUZ,24/06/1997,AWP,1,"$231,070",09/08/2022
Aizy,Philip Aistrup Larsen,Europe,Denmark,,04/06/1996,AK47,11,"$328,693",09/08/2022
Alexsomfan,Alexander Nielsen,Europe,Denmark,Sashi Esport,19/04/1994,AK47,0,"$7,864",09/08/2022
Altekz,Alexander Givskov,Europe,Denmark,Astralis Talent,08/07/2003,AK47,0,"$8,763",09/08/2022
Ave,Alexander Holdt,Europe,Denmark,,10/07/1988,AK47,0,"$93,202",09/08/2022
B0RUP,Johannes Borup,Europe,Denmark,,29/09/1999,AK47,0,"$151,942",09/08/2022
Basso,Sebastian Aagaard,Europe,Denmark,,29/09/1998,AK47,0,"$16,580",09/08/2022
BERRY,Danny Krüger,Europe,Denmark,Sprout,19/03/1990,AK47,0,"$31,620",09/08/2022
Birdfromsky,Thomas Due Frederiksen,Europe,Denmark,,09/09/1993,AK47,0,"$54,107",09/08/2022
BlameF,Benjamin Vang Bremer,Europe,Denmark,Astralis,10/06/1997,AK47,1,"$242,727",09/08/2022
Blaq,Andreas Elversøe,Europe,Denmark,MASONIC,10/08/1994,AK47,0,"$7,585",09/08/2022
Brzer,Benjamin Jensen,Europe,Denmark,Astralis Talent,20/12/2001,AWP,0,"$10,068",09/08/2022
Buzz,Christian Møss Andersen,Europe,Denmark,MASONIC,14/03/2003,AK47,0,"$19,980",09/08/2022
Cabbi,Casper Jensen,Europe,Denmark,ECSTATIC,29/05/1998,AK47,0,"$18,962",09/08/2022
CadiaN,Casper Møller,Europe,Denmark,Heroic,26/06/1995,AWP,6,"$375,596",09/08/2022
Cajunb,René Borg,Europe,Denmark,AGF Esport,13/12/1989,AK47,13,"$429,284",09/08/2022
Casle,Peter Toftbo Ardenskjold,Europe,Denmark,MASONIC,04/09/1986,AK47,0,"$1,050",09/08/2022
Celebrations,Kasper Damgaard,Europe,Denmark,,03/06/1995,,0,"$14,550",09/08/2022
Celrate,Casper Andersen,Europe,Denmark,,08/11/1997,AK47,0,"$2,228",09/08/2022
Console,Mads Skovby,Europe,Denmark,,11/01/1996,AK47,0,"$34,206",09/08/2022
Daffu,Jakob Schildt,Europe,Denmark,ECSTATIC,24/09/1997,AK47,0,"$46,160",09/08/2022
Dev1ce,Nicolai Hvilshøj Reedtz,Europe,Denmark,Ninjas in Pyjamas,08/09/1995,AWP,16,"$1,939,150",09/08/2022
Dfen,Jonas Sørensen,Europe,Denmark,,,AK47,0,"$5,347",09/08/2022
Doktizh,Mosaver Bandri,Europe,Denmark,,10/05/1996,AK47,0,"$3,810",09/08/2022
DragoNfly,Jacob Lund,Europe,Denmark,,15/09/1996,AWP,0,"$22,813",09/08/2022
Dupreeh,Peter Rothmann Rasmussen,Europe,Denmark,Team Vitality,26/03/1993,AWP,17,"$1,994,023",09/08/2022
Es3tag,Patrick Hansen,Europe,Denmark,Ninjas in Pyjamas,29/11/1995,AWP,1,"$238,495",09/08/2022
Farlig,Asger Chen Jensen,Europe,Denmark,Astralis,17/03/1999,AWP,1,"$97,833",09/08/2022
Fessor,Frederik Sørensen,Europe,Denmark,Astralis Talent,24/01/2001,AK47,0,"$17,306",09/08/2022
FeTiSh,Henrik Christensen,Europe,Denmark,,02/12/1986,AK47,4,"$36,928",09/08/2022
Friis,Michael Jørgensen,Europe,Denmark,,14/03/1989,AWP,2,"$116,870",09/08/2022
Frøslev,Magnus Frøslev,Europe,Denmark,Copenhagen Flames,,AK47,0,"$16,507",09/08/2022
Gade,Nicklas Gade,Europe,Denmark,,06/11/1994,AK47,3,"$119,164",09/08/2022
Gla1ve,Lukas Egholm Rossander,Europe,Denmark,Astralis,07/06/1995,AK47,13,"$1,843,777",09/08/2022
Haste,Thomas Dyrensborg,Europe,Denmark,Heroic,29/01/1991,AK47,0,"$13,197",09/08/2022
Holzt,Nicolaj Holst,Europe,Denmark,,15/07/1994,,0,"$9,430",09/08/2022
HooXi,Rasmus Nielsen,Europe,Denmark,Copenhagen Flames,21/05/1995,AK47,2,"$70,622",09/08/2022
HUNDEN,Nicolai Petersen,Europe,Denmark,,08/06/1991,AK47,1,"$101,716",09/08/2022
IceBerg,Oliver Berg,Europe,Denmark,Tricked Esport,23/08/2000,AK47,0,"$4,772",09/08/2022
J3nsyy,Theis Jensen,Europe,Denmark,MASONIC,05/07/2000,AWP,0,"$9,687",09/08/2022
Jabbi,Jakob Nygaard,Europe,Denmark,Heroic,23/07/2003,AK47,2,"$52,365",09/08/2022
K0nfig,Kristian Wienecke,Europe,Denmark,Astralis,19/04/1997,AWP,6,"$502,021",09/08/2022
Karrigan,Finn Andersen,Europe,Denmark Germany,FaZe Clan,14/04/1990,AK47,15,"$1,359,477",09/08/2022
KiR,Andreas Kirstein,Europe,Denmark,Tricked Esport,03/07/2000,AK47,0,"$11,134",09/08/2022
Kjaerbye,Markus Kjærbye,Europe,Denmark,Endpoint,27/04/1998,AK47,7,"$623,683",09/08/2022
KolibrieN,Oliver Schlichter,Europe,Denmark,,,AK47,0,"$4,560",10/08/2022
Kraghen,Tobias Kragh Jensen,Europe,Denmark,ECSTATIC,02/07/2002,AK47,0,"$9,335",10/08/2022
Kristou,Kristoffer Aamand,Europe,Denmark,,05/01/2002,AWP,0,"$9,098",10/08/2022
Kwezz,Oliver Rasmussen,Europe,Denmark,Tricked Esport,20/07/2000,AK47,0,"$12,924",10/08/2022
Larsen,Sebastian Larsen,Europe,Denmark,Tricked Esport,22/06/1997,AWP,0,"$17,747",10/08/2022
LOMME,Frederik Nielsen,Europe,Denmark,Astralis,25/10/1993,AK47,2,"$20,117",10/08/2022
Lucky (Danish player),Philip Ewald,Europe,Denmark,Tricked Esport,13/12/2002,AWP,1,"$42,196",10/08/2022
Lukki,Lucas Pilheden,Europe,Denmark,,22/09/1999,AK47,0,"$33,219",10/08/2022
Magisk,Emil Hoffmann Reif,Europe,Denmark,Team Vitality,05/03/1998,AK47,7,"$1,575,518",10/08/2022
MaNkz,Marcus Kjeldsen,Europe,Denmark,ECSTATIC,21/04/1998,AK47,0,"$45,102",10/08/2022
Mertz,Daniel Mertz,Europe,Denmark,,29/09/1998,AWP,0,"$74,449",10/08/2022
Minet,Oliver Minet,Europe,Denmark,,09/11/1991,AK47,0,"$32,603",10/08/2022
MithR,Torbjørn Nyborg,Europe,Denmark Norway,Apeks Rebels,16/11/1989,AK47,0,$243,10/08/2022
MSL,Mathias Sommer Lauridsen,Europe,Denmark,TITANS,06/12/1994,AK47,9,"$354,732",10/08/2022
MupzG,Nicolaj Djurhus,Europe,Denmark,DREAM Gaming,,AK47,0,"$2,362",10/08/2022
NaToSaphiX,Niels Christian Mohr Sillassen,Europe,Denmark,,17/08/1996,AWP,0,"$56,884",10/08/2022
Netrick,Jonas Wenzelsen,Europe,Denmark,,05/04/1995,AK47,0,"$11,766",10/08/2022
Nicoodoz,Nico Tamjidi,Europe,Denmark,Fnatic,02/08/2000,AWP,2,"$55,934",10/08/2022
Niko (Danish player),Nikolaj Kristensen,Europe,Denmark,OG,28/05/1998,AK47,1,"$258,804",10/08/2022
Nodios,Magnus Brok Olsen,Europe,Denmark,TITANS,07/05/1999,AK47,0,"$31,500",10/08/2022
NotaN,Anton Pedersen,Europe,Denmark,MASONIC,15/06/2000,AK47,0,"$11,957",10/08/2022
PERCY,Martin Wessel,Europe,Denmark,,28/05/1994,AK47,0,"$21,040",10/08/2022
PR1mE,Mathias Carlsen,Europe,Denmark,Tricked Esport,04/05/2001,AK47,0,"$9,244",10/08/2022
Q-Q,Marcus Krolak-Henriksen,Europe,Denmark,,17/11/2003,AK47,0,"$3,190",10/08/2022
Queenix,Jonas Dideriksen,Europe,Denmark,ECSTATIC,15/07/1999,AK47,0,"$13,711",10/08/2022
Raalz,Rasmus Steensborg,Europe,Denmark,,30/07/1995,AK47,2,"$40,903",10/08/2022
Refrezh,Ismail Ali,Europe,Denmark,Heroic,19/02/1998,AK47,2,"$246,295",10/08/2022
Rejin,Allan Petersen,Europe,Denmark,Endpoint,05/12/1987,AK47,0,$566,10/08/2022
Rezex,Christian Bjerregaard,Europe,Denmark,,23/08/1995,AK47,0,"$3,950",10/08/2022
RoeJ,Fredrik Jørgensen,Europe,Denmark,Fnatic,20/11/1993,AK47,2,"$237,599",10/08/2022
Ruggah,Casper Due,Europe,Denmark,OG,01/09/1988,AK47,0,"$1,508",10/08/2022
Rytter,Dennis Rytter,Europe,Denmark,00 Prospects,,AK47,0,"$1,861",10/08/2022
Ryxxo,Thomas Nielsen,Europe,Denmark,Sashi Esport,15/08/1996,AWP,0,"$31,928",10/08/2022
SandeN,Rasmus Sanden,Europe,Denmark,,24/11/1995,AK47,0,"$12,496",10/08/2022
SiNde,Rasmus Sindberg,Europe,Denmark,,,AK47,0,$478,10/08/2022
Sjuush,Rasmus Beck,Europe,Denmark,Heroic,03/01/1999,AK47,2,"$383,207",10/08/2022
SmF,Danni Dyg,Europe,Denmark,DREAM Gaming,12/06/1992,AK47,3,"$15,755",10/08/2022
Snappi,Marco Pfeiffer,Europe,Denmark,ENCE,09/06/1990,AK47,3,"$254,415",10/08/2022
Snedker,Simon Snedker,Europe,Denmark,,17/09/2000,AWP,0,"$7,298",10/08/2022
Staehr,Victor Staehr,Europe,Denmark,Sprout,19/07/2004,AK47,0,"$12,536",10/08/2022
Stavn,Martin Lund,Europe,Denmark,Heroic,26/03/2002,AWP,2,"$329,264",10/08/2022
Sycrone,Dennis Benthin Nielsen,Europe,Denmark,MOUZ,11/02/1996,AK47,0,"$14,893",10/08/2022
Tenzki,Jesper Plougmann Mikalski,Europe,Denmark,Savage,25/06/1994,AK47,3,"$109,822",10/08/2022
TeSeS,René Madsen,Europe,Denmark,Heroic,12/12/2000,AK47,2,"$308,322",10/08/2022
Thamlike,Jacob Holm,Europe,Denmark,Imperishable Clan,,AK47,0,"$10,161",10/08/2022
TMB,Thomas Bundsbæk,Europe,Denmark,,03/02/2002,AK47,0,"$51,518",10/08/2022
TOBIZ,Tobias Theo,Europe,Denmark,MOUZ NXT,02/03/1995,AK47,0,"$3,035",10/08/2022
Toft,Magnus Toft,Europe,Denmark,,09/07/2002,AWP,0,"$2,386",10/08/2022
Torben,Nicolai Amorim,Europe,Denmark,,05/06/1995,AK47,0,"$22,817",10/08/2022
Trace,Martin Alexander Bang Heldt,Europe,Denmark,Astralis,07/01/1990,AK47,0,"$51,425",10/08/2022
Twinx,Malthe Jensen,Europe,Denmark,DREAM Gaming,31/08/1998,AWP,0,"$13,072",10/08/2022
Valde,Valdemar Bjørn Vangså,Europe,Denmark,OG,12/06/1995,AK47,3,"$367,078",10/08/2022
Vigg0,Victor Bisgaard,Europe,Denmark,Astralis Talent,03/08/1999,AK47,0,"$7,993",10/08/2022
Vorborg,Daniel Vorborg,Europe,Denmark,Evil Geniuses,22/06/1992,AK47,0,0$,10/08/2022
Winspai,Philippe Mølgaard Ouabaid,Europe,Denmark,Tricked Esport,28/12/1994,AK47,0,0$,10/08/2022
Xyp9x,Andreas Højsleth,Europe,Denmark,Astralis,11/09/1995,AK47,17,"$1,992,260",10/08/2022
Zeq,Filip Pedersen,Europe,Denmark,,13/05/1998,AK47,0,"$3,984",10/08/2022
Zonic,Danny Selim Sørensen,Europe,Denmark,Team Vitality,30/07/1986,AK47,1,"$117,313",10/08/2022
